Age_Group,Negative,Positive
18-25,4.183673469387755,7.0436507936507935
26-40,4.894762604013706,6.309944472488642
40+,6.318956870611836,5.084745762711865
