Metric,Value
Absolute Lift,1.4600000000000002
Z Score,3.167026411304944
P Value,0.0015400633062146276
