Message_Type,Users,Opens,Clicks,Subscriptions,Open_Rate,Click_Rate,Subscription_Rate,Conversion_Rate
Negative,5000,3109,1081,245,0.6218,0.34770022515278226,0.22664199814986125,0.049
Positive,5000,3332,1278,318,0.6664,0.3835534213685474,0.24882629107981222,0.0636
